lr_schedule,c,mu,epoch,global sparsity,Accuracy
0.1_ep140_0.01,0.005,0.55,150,0.915893364,0.7324
0.1_ep140_0.01,0.005,0.51,146,0.87276989,0.7314
0.1_ep140_0.01,0.005,0.501,148,0.86088545,0.73126
0.1_ep140_0.01,0.01,0.4,150,0.796928532,0.72746
0.1_ep140_0.01,0.005,0.65,151,0.97102852162,0.70042
0.1_ep140_0.01,0.005,0.6,144,0.94983290704,0.72158
0.1_ep140_0.01,0.005,0.7,153,0.981728042599,0.65512 
